keyword,lang,type,size,tone,ai_model,point_view,readability,target_country,rm_words,brand_voice,images,img_quantity,img_size,img_style,img_prompt,img_brand_name,mk_alt,youtube,video_quantity,placing_scheme,hook_type,il_site,web_source_date,pc_site,pc_status
"When Should You Review Your Insurance Policies?",English (US),How-to guide,Small,Professional,GPT-4o Mini & GPT-4o,Second person,8th & 9th grade,United States,Extended AI Words Removal,Hhas insurance,FLUX.1 (Lite),2,1344×768 (16:9),None,Dont use any text on the images,,Yes,None,1,Sequentially in each section,Statistical or Fact,https://hhasinsurance.com/,Last Year,https://hhasinsurance.com/,Schedule
"The Difference Between Coverage, Deductibles, and Premiums",English (US),How-to guide,Small,Professional,GPT-4o Mini & GPT-4o,Second person,8th & 9th grade,United States,Extended AI Words Removal,Hhas insurance,FLUX.1 (Lite),2,1344×768 (16:9),None,Dont use any text on the images,,Yes,None,1,Sequentially in each section,Statistical or Fact,https://hhasinsurance.com/,Last Year,https://hhasinsurance.com/,Schedule
"How an Insurance Advisor Helps You Save Money",English (US),How-to guide,Small,Professional,GPT-4o Mini & GPT-4o,Second person,8th & 9th grade,United States,Extended AI Words Removal,Hhas insurance,FLUX.1 (Lite),2,1344×768 (16:9),None,Dont use any text on the images,,Yes,None,1,Sequentially in each section,Statistical or Fact,https://hhasinsurance.com/,Last Year,https://hhasinsurance.com/,Schedule
"What Is Commercial Insurance and Why Every Business Needs It",English (US),How-to guide,Small,Professional,GPT-4o Mini & GPT-4o,Second person,8th & 9th grade,United States,Extended AI Words Removal,Hhas insurance,FLUX.1 (Lite),2,1344×768 (16:9),None,Dont use any text on the images,,Yes,None,1,Sequentially in each section,Statistical or Fact,https://hhasinsurance.com/,Last Year,https://hhasinsurance.com/,Schedule
"Essential Insurance Coverage for Small Businesses",English (US),How-to guide,Small,Professional,GPT-4o Mini & GPT-4o,Second person,8th & 9th grade,United States,Extended AI Words Removal,Hhas insurance,FLUX.1 (Lite),2,1344×768 (16:9),None,Dont use any text on the images,,Yes,None,1,Sequentially in each section,Statistical or Fact,https://hhasinsurance.com/,Last Year,https://hhasinsurance.com/,Schedule
"How Commercial Insurance Protects Your Business Assets",English (US),How-to guide,Small,Professional,GPT-4o Mini & GPT-4o,Second person,8th & 9th grade,United States,Extended AI Words Removal,Hhas insurance,FLUX.1 (Lite),2,1344×768 (16:9),None,Dont use any text on the images,,Yes,None,1,Sequentially in each section,Statistical or Fact,https://hhasinsurance.com/,Last Year,https://hhasinsurance.com/,Schedule
"Common Risks Businesses Face Without Proper Insurance",English (US),How-to guide,Small,Professional,GPT-4o Mini & GPT-4o,Second person,8th & 9th grade,United States,Extended AI Words Removal,Hhas insurance,FLUX.1 (Lite),2,1344×768 (16:9),None,Dont use any text on the images,,Yes,None,1,Sequentially in each section,Statistical or Fact,https://hhasinsurance.com/,Last Year,https://hhasinsurance.com/,Schedule
"Workers' Compensation Insurance Explained",English (US),How-to guide,Small,Professional,GPT-4o Mini & GPT-4o,Second person,8th & 9th grade,United States,Extended AI Words Removal,Hhas insurance,FLUX.1 (Lite),2,1344×768 (16:9),None,Dont use any text on the images,,Yes,None,1,Sequentially in each section,Statistical or Fact,https://hhasinsurance.com/,Last Year,https://hhasinsurance.com/,Schedule
"General Liability Insurance: What It Covers and Why It Matters",English (US),How-to guide,Small,Professional,GPT-4o Mini & GPT-4o,Second person,8th & 9th grade,United States,Extended AI Words Removal,Hhas insurance,FLUX.1 (Lite),2,1344×768 (16:9),None,Dont use any text on the images,,Yes,None,1,Sequentially in each section,Statistical or Fact,https://hhasinsurance.com/,Last Year,https://hhasinsurance.com/,Schedule
"How Commercial Insurance Helps Businesses Stay Operational",English (US),How-to guide,Small,Professional,GPT-4o Mini & GPT-4o,Second person,8th & 9th grade,United States,Extended AI Words Removal,Hhas insurance,FLUX.1 (Lite),2,1344×768 (16:9),None,Dont use any text on the images,,Yes,None,1,Sequentially in each section,Statistical or Fact,https://hhasinsurance.com/,Last Year,https://hhasinsurance.com/,Schedule
"Insurance Mistakes That Can Hurt Small Businesses",English (US),How-to guide,Small,Professional,GPT-4o Mini & GPT-4o,Second person,8th & 9th grade,United States,Extended AI Words Removal,Hhas insurance,FLUX.1 (Lite),2,1344×768 (16:9),None,Dont use any text on the images,,Yes,None,1,Sequentially in each section,Statistical or Fact,https://hhasinsurance.com/,Last Year,https://hhasinsurance.com/,Schedule
"How to Choose the Right Commercial Insurance Policy",English (US),How-to guide,Small,Professional,GPT-4o Mini & GPT-4o,Second person,8th & 9th grade,United States,Extended AI Words Removal,Hhas insurance,FLUX.1 (Lite),2,1344×768 (16:9),None,Dont use any text on the images,,Yes,None,1,Sequentially in each section,Statistical or Fact,https://hhasinsurance.com/,Last Year,https://hhasinsurance.com/,Schedule
"Why Business Owners Should Review Insurance Annually",English (US),How-to guide,Small,Professional,GPT-4o Mini & GPT-4o,Second person,8th & 9th grade,United States,Extended AI Words Removal,Hhas insurance,FLUX.1 (Lite),2,1344×768 (16:9),None,Dont use any text on the images,,Yes,None,1,Sequentially in each section,Statistical or Fact,https://hhasinsurance.com/,Last Year,https://hhasinsurance.com/,Schedule
"What Is Life Insurance and How Does It Work?",English (US),How-to guide,Small,Professional,GPT-4o Mini & GPT-4o,Second person,8th & 9th grade,United States,Extended AI Words Removal,Hhas insurance,FLUX.1 (Lite),2,1344×768 (16:9),None,Dont use any text on the images,,Yes,None,1,Sequentially in each section,Statistical or Fact,https://hhasinsurance.com/,Last Year,https://hhasinsurance.com/,Schedule
"Why Life Insurance Is a Key Part of Financial Planning",English (US),How-to guide,Small,Professional,GPT-4o Mini & GPT-4o,Second person,8th & 9th grade,United States,Extended AI Words Removal,Hhas insurance,FLUX.1 (Lite),2,1344×768 (16:9),None,Dont use any text on the images,,Yes,None,1,Sequentially in each section,Statistical or Fact,https://hhasinsurance.com/,Last Year,https://hhasinsurance.com/,Schedule
"Term Life vs Whole Life Insurance Explained",English (US),How-to guide,Small,Professional,GPT-4o Mini & GPT-4o,Second person,8th & 9th grade,United States,Extended AI Words Removal,Hhas insurance,FLUX.1 (Lite),2,1344×768 (16:9),None,Dont use any text on the images,,Yes,None,1,Sequentially in each section,Statistical or Fact,https://hhasinsurance.com/,Last Year,https://hhasinsurance.com/,Schedule
"How Much Life Insurance Coverage Do You Really Need?",English (US),How-to guide,Small,Professional,GPT-4o Mini & GPT-4o,Second person,8th & 9th grade,United States,Extended AI Words Removal,Hhas insurance,FLUX.1 (Lite),2,1344×768 (16:9),None,Dont use any text on the images,,Yes,None,1,Sequentially in each section,Statistical or Fact,https://hhasinsurance.com/,Last Year,https://hhasinsurance.com/,Schedule
"Life Insurance for Parents: Protecting Your Family’s Future",English (US),How-to guide,Small,Professional,GPT-4o Mini & GPT-4o,Second person,8th & 9th grade,United States,Extended AI Words Removal,Hhas insurance,FLUX.1 (Lite),2,1344×768 (16:9),None,Dont use any text on the images,,Yes,None,1,Sequentially in each section,Statistical or Fact,https://hhasinsurance.com/,Last Year,https://hhasinsurance.com/,Schedule
"Common Life Insurance Myths Explained",English (US),How-to guide,Small,Professional,GPT-4o Mini & GPT-4o,Second person,8th & 9th grade,United States,Extended AI Words Removal,Hhas insurance,FLUX.1 (Lite),2,1344×768 (16:9),None,Dont use any text on the images,,Yes,None,1,Sequentially in each section,Statistical or Fact,https://hhasinsurance.com/,Last Year,https://hhasinsurance.com/,Schedule
"When Is the Best Time to Buy Life Insurance?",English (US),How-to guide,Small,Professional,GPT-4o Mini & GPT-4o,Second person,8th & 9th grade,United States,Extended AI Words Removal,Hhas insurance,FLUX.1 (Lite),2,1344×768 (16:9),None,Dont use any text on the images,,Yes,None,1,Sequentially in each section,Statistical or Fact,https://hhasinsurance.com/,Last Year,https://hhasinsurance.com/,Schedule
"How Life Insurance Supports Loved Ones After Loss",English (US),How-to guide,Small,Professional,GPT-4o Mini & GPT-4o,Second person,8th & 9th grade,United States,Extended AI Words Removal,Hhas insurance,FLUX.1 (Lite),2,1344×768 (16:9),None,Dont use any text on the images,,Yes,None,1,Sequentially in each section,Statistical or Fact,https://hhasinsurance.com/,Last Year,https://hhasinsurance.com/,Schedule
"Life Insurance for Business Owners",English (US),How-to guide,Small,Professional,GPT-4o Mini & GPT-4o,Second person,8th & 9th grade,United States,Extended AI Words Removal,Hhas insurance,FLUX.1 (Lite),2,1344×768 (16:9),None,Dont use any text on the images,,Yes,None,1,Sequentially in each section,Statistical or Fact,https://hhasinsurance.com/,Last Year,https://hhasinsurance.com/,Schedule
"Why Life Insurance Is About Love, Not Fear",English (US),How-to guide,Small,Professional,GPT-4o Mini & GPT-4o,Second person,8th & 9th grade,United States,Extended AI Words Removal,Hhas insurance,FLUX.1 (Lite),2,1344×768 (16:9),None,Dont use any text on the images,,Yes,None,1,Sequentially in each section,Statistical or Fact,https://hhasinsurance.com/,Last Year,https://hhasinsurance.com/,Schedule
"What Does Home Insurance Cover?",English (US),How-to guide,Small,Professional,GPT-4o Mini & GPT-4o,Second person,8th & 9th grade,United States,Extended AI Words Removal,Hhas insurance,FLUX.1 (Lite),2,1344×768 (16:9),None,Dont use any text on the images,,Yes,None,1,Sequentially in each section,Statistical or Fact,https://hhasinsurance.com/,Last Year,https://hhasinsurance.com/,Schedule
"Why Home Insurance Is Essential for Homeowners",English (US),How-to guide,Small,Professional,GPT-4o Mini & GPT-4o,Second person,8th & 9th grade,United States,Extended AI Words Removal,Hhas insurance,FLUX.1 (Lite),2,1344×768 (16:9),None,Dont use any text on the images,,Yes,None,1,Sequentially in each section,Statistical or Fact,https://hhasinsurance.com/,Last Year,https://hhasinsurance.com/,Schedule
"Common Home Insurance Claims and How to Prepare",English (US),How-to guide,Small,Professional,GPT-4o Mini & GPT-4o,Second person,8th & 9th grade,United States,Extended AI Words Removal,Hhas insurance,FLUX.1 (Lite),2,1344×768 (16:9),None,Dont use any text on the images,,Yes,None,1,Sequentially in each section,Statistical or Fact,https://hhasinsurance.com/,Last Year,https://hhasinsurance.com/,Schedule
"Home Insurance vs Renters Insurance: What’s the Difference?",English (US),How-to guide,Small,Professional,GPT-4o Mini & GPT-4o,Second person,8th & 9th grade,United States,Extended AI Words Removal,Hhas insurance,FLUX.1 (Lite),2,1344×768 (16:9),None,Dont use any text on the images,,Yes,None,1,Sequentially in each section,Statistical or Fact,https://hhasinsurance.com/,Last Year,https://hhasinsurance.com/,Schedule
"How to Lower Your Home Insurance Premium",English (US),How-to guide,Small,Professional,GPT-4o Mini & GPT-4o,Second person,8th & 9th grade,United States,Extended AI Words Removal,Hhas insurance,FLUX.1 (Lite),2,1344×768 (16:9),None,Dont use any text on the images,,Yes,None,1,Sequentially in each section,Statistical or Fact,https://hhasinsurance.com/,Last Year,https://hhasinsurance.com/,Schedule
"What to Do After Home Damage or Loss",English (US),How-to guide,Small,Professional,GPT-4o Mini & GPT-4o,Second person,8th & 9th grade,United States,Extended AI Words Removal,Hhas insurance,FLUX.1 (Lite),2,1344×768 (16:9),None,Dont use any text on the images,,Yes,None,1,Sequentially in each section,Statistical or Fact,https://hhasinsurance.com/,Last Year,https://hhasinsurance.com/,Schedule
"How Home Insurance Protects Your Biggest Investment",English (US),How-to guide,Small,Professional,GPT-4o Mini & GPT-4o,Second person,8th & 9th grade,United States,Extended AI Words Removal,Hhas insurance,FLUX.1 (Lite),2,1344×768 (16:9),None,Dont use any text on the images,,Yes,None,1,Sequentially in each section,Statistical or Fact,https://hhasinsurance.com/,Last Year,https://hhasinsurance.com/,Schedule
"Common Home Insurance Mistakes to Avoid",English (US),How-to guide,Small,Professional,GPT-4o Mini & GPT-4o,Second person,8th & 9th grade,United States,Extended AI Words Removal,Hhas insurance,FLUX.1 (Lite),2,1344×768 (16:9),None,Dont use any text on the images,,Yes,None,1,Sequentially in each section,Statistical or Fact,https://hhasinsurance.com/,Last Year,https://hhasinsurance.com/,Schedule
"Why You Should Review Home Insurance Every Year",English (US),How-to guide,Small,Professional,GPT-4o Mini & GPT-4o,Second person,8th & 9th grade,United States,Extended AI Words Removal,Hhas insurance,FLUX.1 (Lite),2,1344×768 (16:9),None,Dont use any text on the images,,Yes,None,1,Sequentially in each section,Statistical or Fact,https://hhasinsurance.com/,Last Year,https://hhasinsurance.com/,Schedule
"Understanding Property Damage Coverage",English (US),How-to guide,Small,Professional,GPT-4o Mini & GPT-4o,Second person,8th & 9th grade,United States,Extended AI Words Removal,Hhas insurance,FLUX.1 (Lite),2,1344×768 (16:9),None,Dont use any text on the images,,Yes,None,1,Sequentially in each section,Statistical or Fact,https://hhasinsurance.com/,Last Year,https://hhasinsurance.com/,Schedule
